Sample_ID,Month,Temperature_C,Humidity_%,Rainfall_mm,Soil_Moisture_%,Wind_Speed_kmph,Crop_Stage,Previous_Pest_Count,Days_Since_Last_Attack,Risk_Level
1,11,20.2,80.8,85.7,21.3,2,Maturity,69,5,Medium
2,10,26.4,41.6,76.5,37.7,0.5,Vegetative,91,41,High
3,12,28.9,52.1,206.2,51.4,0.1,Vegetative,89,27,Medium
4,6,23.6,51.8,267.2,19.6,7.6,Whorl,44,38,Low
5,5,34.1,80.1,187.7,58.8,7.6,Silking,37,53,Medium
6,11,30.4,87.4,202.1,46.7,0.9,Vegetative,98,18,High
7,2,35.1,87.7,133,35.4,16.7,Vegetative,47,22,Medium
8,4,31.4,78.6,239.2,18.2,12.7,Silking,93,15,Medium
9,3,27.2,54.8,323.9,46,4.4,Whorl,98,49,Medium
10,1,22.6,41.8,110.4,27,4.2,Silking,91,20,Medium
11,4,31.1,61.8,320.1,35.6,5.3,Vegetative,95,35,Medium
12,9,23.3,72.2,314.2,33,4.4,Vegetative,65,31,Medium
13,2,33.1,87.4,53.5,22.2,13.6,Silking,8,24,Medium
14,7,29.9,65.7,88,39.9,18.8,Maturity,92,7,High
15,11,35.7,81.3,269,30.3,5.9,Vegetative,58,0,Medium
16,12,35.5,54.5,175.2,23,18.3,Maturity,38,53,Low
17,11,28.2,50.9,130.9,22.3,19.1,Silking,0,38,Low
18,6,27.8,46.2,127,59.3,16.1,Vegetative,7,15,Medium
19,10,36.9,44.7,170.1,18.1,15.2,Vegetative,16,42,Low
20,8,36.9,49.1,184.7,42.3,19.3,Silking,96,46,Low
21,12,22,57.1,348.3,44.2,8.8,Silking,57,7,Low
22,4,22.5,58.6,205.9,25.4,4.4,Seedling,90,40,Low
23,1,22.6,89.8,300.9,18.2,4.8,Maturity,62,13,Medium
24,9,20.6,91.5,199.9,36.3,15.7,Tasseling,24,6,Low
25,2,31.2,59.5,143.9,53.9,1.1,Maturity,82,6,High
26,1,26.1,58.7,301.6,26.2,3.8,Tasseling,17,27,Low
27,3,23.6,53.7,323.1,34.9,17.2,Silking,12,3,Low
28,11,38,86,339.1,56.7,17,Vegetative,52,31,Low
29,8,22.3,62.1,20.5,32.1,19.7,Whorl,100,50,Medium
30,8,23.7,78.3,255.7,50.3,13.2,Tasseling,19,12,Low
31,5,22.4,43.2,257.5,17.7,6.3,Seedling,74,30,Low
32,9,36.4,69.2,19.9,37.9,17,Seedling,76,4,Low
33,11,35.2,62.2,329.6,40.6,11.6,Seedling,79,5,Low
34,7,31.1,71.1,110.7,26.7,13.4,Whorl,30,16,Medium
35,7,20.6,75.5,160,56.8,18.7,Seedling,58,39,Medium
36,10,37.9,44,74.6,26.9,18.7,Seedling,31,23,Low
37,5,21.2,85.9,246.2,42.5,19.7,Maturity,67,0,Medium
38,11,34.3,56.5,232.2,57.3,2.7,Seedling,13,47,Low
39,9,21.1,55.5,73.7,30.4,13.7,Whorl,64,31,Medium
40,5,36.1,86.5,32.3,34.1,5.5,Seedling,42,49,Medium
41,3,30.7,54.4,259.4,39.8,8.6,Seedling,14,4,Low
42,12,36.1,70,292.1,41.2,3,Vegetative,5,19,Low
43,6,36,83.8,301.2,55.5,4.2,Vegetative,85,6,Medium
44,6,33.6,88.6,142.2,42.9,3.1,Vegetative,20,51,Medium
45,3,35.6,41.4,257.8,29.9,18.6,Maturity,94,51,Low
46,4,23.3,83.3,37.8,54.2,17.2,Vegetative,25,52,Medium
47,8,25,85.1,305,25,13.2,Tasseling,42,17,Low
48,2,37.3,55.4,224.5,33,19.6,Silking,42,60,Low
49,1,20.3,93.4,62.5,58.3,5.3,Seedling,76,27,Medium
50,6,32.6,57.3,212.2,38,7.7,Silking,24,16,Low
51,1,32.2,40.1,324,39.2,14.4,Maturity,94,42,Low
52,4,25.3,43.8,232.5,29.9,6.3,Seedling,92,57,Low
53,5,28.1,76.7,114.2,46.4,11.1,Vegetative,53,42,High
54,7,31.5,89.7,215.4,28.5,11,Seedling,38,18,Medium
55,4,26.6,71.9,229.1,35.9,8.8,Vegetative,65,30,High
56,12,21.4,44.7,180.4,43.5,6.7,Vegetative,86,19,Low
57,4,34.1,48.1,16.2,59.3,12.2,Seedling,58,26,Low
58,11,29.5,79.5,134.4,33,3,Maturity,0,57,Medium
59,2,33.6,52,281.4,46.3,9.3,Silking,31,58,Low
60,2,27.1,84.1,233.7,59.5,11.9,Tasseling,78,52,Medium
61,12,35.8,63.5,317.4,35.1,3.2,Tasseling,57,16,Low
62,4,34.8,55.3,272.2,36.8,4.8,Tasseling,9,45,Low
63,5,22.7,58.5,312.6,18.6,3,Tasseling,88,9,Low
64,12,22.3,62.8,115.8,36,1.2,Tasseling,49,57,Medium
65,10,36.9,41.1,308.2,40.9,9.5,Whorl,38,48,Low
66,7,35.1,92.4,146.7,48.6,10.9,Silking,28,31,Medium
67,4,23.5,66.7,136.1,45.1,16,Maturity,21,53,Medium
68,8,36.4,93.9,186.9,55.8,11.8,Maturity,3,5,Low
69,11,26.6,87.7,63.6,26.7,6.5,Tasseling,41,21,Medium
70,7,23.6,92.3,147.5,52.6,9.4,Maturity,69,3,High
71,6,22.5,43.8,335,16.8,0.6,Vegetative,25,53,Low
72,1,30.4,53.1,165.7,20.1,19,Tasseling,89,16,Medium
73,6,21.4,73.4,261.8,20.2,16.4,Whorl,13,37,Low
74,1,36.6,71.7,317.8,31.9,18.8,Vegetative,9,37,Low
75,12,34.6,53.4,244,28.6,13.7,Seedling,72,50,Low
76,1,24.9,63.6,129.7,37.8,6.8,Tasseling,62,6,High
77,7,37.2,75,290,46.8,8.7,Maturity,66,41,Low
78,5,30.3,90.6,271.1,35.9,16.5,Silking,34,20,Medium
79,4,34.6,44.8,308.6,26,9.3,Silking,85,24,Low
80,6,18.6,86.8,63.6,24.5,16,Whorl,35,56,Medium
81,10,32,55.2,3.6,57.7,1.7,Maturity,52,31,Low
82,9,33.2,78,226.1,37.1,15.9,Seedling,37,14,Medium
83,7,31.8,56.8,203.5,36.3,10.6,Tasseling,95,35,Medium
84,6,25,65,107.3,25.4,14.4,Whorl,15,47,Medium
85,9,37,78,67,48.2,5.5,Silking,97,33,Medium
86,10,23.7,45.5,67.9,25.2,3.6,Seedling,90,34,Medium
87,3,23.5,93.6,193.7,46.4,2.5,Tasseling,13,55,Low
88,1,29.5,65.8,154.2,23.3,1,Tasseling,14,52,Medium
89,2,26,44.1,220.3,17.4,3,Silking,38,5,Low
90,4,20.4,82,212.2,50.6,4.5,Silking,48,28,Low
91,8,23.9,72.4,150.1,40.6,1.2,Maturity,12,60,Medium
92,4,30.5,54.6,28.4,25.8,11,Vegetative,0,26,Low
93,8,31.8,65.8,11.4,28,5.7,Tasseling,9,43,Low
94,4,36.5,83.3,218.8,44.8,18.7,Tasseling,14,34,Low
95,4,31,90,289.3,18.2,3.3,Whorl,76,47,Medium
96,10,36.4,64.2,164,28.7,8.1,Whorl,64,34,Medium
97,8,26.8,72.9,311.3,48.1,12.1,Seedling,11,14,Medium
98,11,34.7,71.6,332.8,60,13.4,Whorl,73,2,Medium
99,3,27.4,75.8,320.6,23.2,11.7,Maturity,62,5,Medium
100,8,25,58.3,234.5,53.6,6.6,Maturity,63,18,Medium
101,11,36.9,84.7,192.5,35.5,6.3,Whorl,14,49,Low
102,7,35.3,85.4,0.4,54.1,9.2,Seedling,24,33,Low
103,6,30.5,67.4,154.7,17.3,5.3,Vegetative,36,28,Medium
104,12,27.7,41.6,220.5,51,14.2,Whorl,70,0,Medium
105,9,26.2,52.4,294.5,20.1,18.9,Maturity,19,31,Low
106,12,23.8,78.8,145.4,36.7,9.4,Tasseling,70,9,High
107,7,21.8,73,261.2,21.1,1.4,Tasseling,43,59,Low
108,9,23.3,40.1,254.1,52.7,11.6,Maturity,62,55,Low
109,3,26.9,66.6,116.4,49.3,7.5,Whorl,24,44,Medium
110,4,29.4,52.8,271.4,17,14.9,Maturity,48,24,Low
111,11,33.8,75.9,53.2,58.4,2.5,Silking,42,55,Medium
112,2,35.5,64.2,184.1,35.6,14.4,Tasseling,83,9,Medium
113,2,27.4,93.3,118.5,46.2,13,Whorl,86,54,High
114,9,25.6,57.4,251.6,49.2,17.4,Seedling,79,4,Medium
115,4,30.6,90.7,349.1,48.6,8.7,Seedling,97,40,Medium
116,12,35.5,64.4,242.9,55.7,0.9,Seedling,37,22,Low
117,6,26.6,53.4,144.2,45.7,3.6,Vegetative,10,39,Medium
118,7,30.4,53.2,319.5,21.4,9.2,Whorl,58,16,Low
119,11,18.2,84.3,315.4,45.5,3.2,Tasseling,44,37,Low
120,5,30.8,63.3,87.5,53,4,Tasseling,61,6,High
121,4,25.6,59.7,103.6,46.5,0.4,Maturity,50,17,Medium
122,1,29.3,77.7,260.6,17.2,12.1,Tasseling,36,49,Low
123,4,30.1,59.4,222.8,42.9,13.6,Maturity,98,42,Medium
124,11,34.8,74.6,316.2,44.1,6.2,Tasseling,4,37,Low
125,6,32.6,45,103.3,48.6,3.5,Vegetative,100,34,Medium
126,6,28.6,90.2,290.7,26.6,16.5,Tasseling,37,47,Low
127,6,34.1,65.8,26.4,48.9,4.5,Maturity,92,43,Medium
128,7,37.3,84.3,128,50.6,0.3,Silking,15,29,Medium
129,6,31.5,77,204.6,52,18.8,Seedling,86,14,High
130,8,18.5,88.6,196.5,56.2,4.4,Seedling,81,52,Medium
131,8,36.2,56.6,142.9,21.3,18.9,Whorl,63,7,Medium
132,2,22.7,69.6,136,31.7,19,Maturity,69,26,Medium
133,10,32.8,48.5,145.2,19.5,9.8,Tasseling,35,2,Medium
134,12,25.4,64.4,332.7,53.5,2,Maturity,47,34,Low
135,11,25.2,61.9,66.4,20.5,17,Tasseling,11,42,Medium
136,4,30.8,72.8,7.5,50.4,4.9,Vegetative,100,36,Medium
137,4,19.4,82.1,72.5,24.7,17.4,Whorl,99,9,High
138,10,18.1,87.2,50.6,20.8,5,Vegetative,14,42,Medium
139,1,20.6,59.7,276,41.5,0.3,Whorl,6,8,Low
140,12,26.4,46.3,22.2,35.2,7.2,Silking,13,28,Low
141,9,22.4,73.8,254.5,55.9,13.2,Whorl,58,41,Medium
142,1,19.2,66.3,140.6,45.9,9.8,Tasseling,9,57,Low
143,2,24.4,48.2,44.2,43.1,11.7,Maturity,41,24,Medium
144,10,28.6,65,211.9,19.5,14,Maturity,83,56,Medium
145,9,32.4,51.8,158,25.3,6.8,Tasseling,51,26,Low
146,12,19.9,63.5,232.8,31.8,3.1,Tasseling,8,5,Low
147,2,19.9,45.3,258.6,51.5,11.1,Silking,71,35,Low
148,6,31.4,62.6,305.8,57.4,8.5,Maturity,6,18,Low
149,10,24.2,45.7,177.6,22,9.6,Seedling,44,54,Medium
150,9,25.4,81.9,200.9,51.3,16.9,Silking,78,43,Medium
151,11,29.1,73.5,230.2,46.2,0.6,Whorl,89,48,High
152,5,36.4,59.3,63.5,21.4,13.1,Seedling,18,47,Low
153,11,37.4,45,185.7,31.9,9.1,Vegetative,47,19,Low
154,12,24.5,91.8,208.7,54.8,3.1,Silking,6,43,Medium
155,2,23.4,76.4,170,34.9,5.5,Silking,14,22,Medium
156,7,20.2,77.3,207.6,38.7,6.2,Vegetative,50,38,Medium
157,1,18.2,56.6,73.9,21.2,5.1,Whorl,15,0,Low
158,8,32.9,49.7,133.1,46.7,10,Maturity,45,4,Medium
159,7,35.2,42.3,6.6,56.5,17.2,Silking,54,36,Low
160,7,32.2,63,40.3,15.9,6.5,Silking,58,53,Medium
161,12,36.4,44.8,295.6,25.9,11.8,Silking,10,25,Low
162,5,32.9,52.2,272.7,18.4,12.7,Silking,65,12,Low
163,6,25,92.7,225.9,21.6,2.1,Whorl,25,11,Medium
164,10,21.1,81.8,26.4,57.8,12.6,Tasseling,96,36,Medium
165,10,27,90.8,197.6,43.6,12.5,Maturity,40,9,Medium
166,8,19.4,64.3,106,27.4,1.1,Silking,9,19,Low
167,8,27,43.1,291.1,18.5,17.3,Seedling,78,38,Low
168,9,25.7,71.9,334,48.3,0.8,Silking,83,12,Medium
169,6,30.1,67.6,335.2,35.3,16.2,Whorl,91,5,Medium
170,9,30.9,42.2,247.7,59.6,10.5,Silking,20,23,Low
171,6,36.4,61.3,271.1,45.6,1,Maturity,82,21,Low
172,2,24.6,70.7,135.3,26.3,17,Silking,19,21,Medium
173,2,29.7,47.8,122.4,58.5,14,Tasseling,16,38,Medium
174,12,36.8,57,131.8,50.6,16.3,Maturity,89,53,Medium
175,12,37.9,90.2,32.7,45.2,10.2,Seedling,46,19,Medium
176,3,37,58.8,268.2,23.6,20,Vegetative,9,18,Low
177,2,28.2,69.7,258.5,38.7,13.2,Silking,16,38,Low
178,7,21.1,49.9,242.5,43.1,18.1,Maturity,56,2,Low
179,7,25.3,79.6,339.4,42.5,15,Tasseling,29,34,Low
180,4,24.2,84.5,164.2,52.6,7.4,Silking,56,29,High
181,5,33.6,67.7,146.5,22.3,4,Silking,17,55,Low
182,5,19,66.4,129.9,57,14.2,Silking,15,18,Low
183,2,33.3,55,316.9,21.6,8.7,Vegetative,57,56,Low
184,6,36.6,62.8,138.8,31.8,7.7,Seedling,47,14,Medium
185,1,24.4,45.4,250.1,30.1,2.9,Seedling,36,58,Low
186,8,31.9,47.6,246.9,35.2,0.1,Seedling,2,16,Low
187,4,34.7,70.2,254.5,38.7,2.2,Whorl,30,19,Low
188,2,19,63.1,277.9,35.6,2.2,Tasseling,76,34,Low
189,1,30.6,71.6,251.5,28.1,0,Whorl,30,36,Low
190,7,21.7,76.8,183.2,31.2,19.1,Silking,64,50,Medium
191,9,29.1,61.5,164.5,43.6,19.6,Whorl,95,1,High
192,6,33.8,59,256.5,43.3,15.4,Maturity,96,21,Low
193,3,18.9,70,284.7,22.9,15.6,Tasseling,89,30,Low
194,11,21.6,47.4,250.6,57.5,0.7,Vegetative,5,50,Low
195,4,35.7,57.4,108.5,32.9,16.3,Tasseling,32,2,Medium
196,11,21.8,59.6,273.3,54,6.6,Seedling,47,27,Low
197,7,32.9,89.2,135.3,58.8,9.9,Tasseling,47,59,Medium
198,9,23.3,44.5,148.6,34.4,19.9,Vegetative,69,18,Medium
199,6,20.1,58,103.5,35.1,14.4,Vegetative,88,28,Medium
200,6,26.9,80,319.1,42.7,8.7,Maturity,7,4,Medium
201,11,30.8,60,280.4,45.6,19.1,Vegetative,77,43,Medium
202,8,18.7,43.7,272.5,31.5,7.7,Silking,4,38,Low
203,3,31.6,92.2,130.2,49.3,11.5,Silking,46,25,High
204,6,31,53.7,39.7,48.1,10,Tasseling,71,7,High
205,5,33.5,78.7,75.1,42.5,13.9,Tasseling,25,7,Medium
206,3,35.1,64.9,314.5,35,1.8,Maturity,40,42,Low
207,6,32.2,70.2,101.6,28.5,3.2,Maturity,89,40,Medium
208,3,33.9,68,42.5,24,2.8,Tasseling,3,23,Low
209,9,29.4,65.7,344.1,20.8,17.7,Seedling,39,25,Low
210,12,32.4,68.9,269.2,52.1,1.5,Whorl,82,4,Medium
211,8,27.3,68.5,44.9,52.3,11,Silking,23,49,Medium
212,3,26.7,90.1,19.4,20.6,3.1,Vegetative,20,20,Low
213,12,22.5,92.1,181.6,27.8,1.6,Vegetative,81,35,Medium
214,5,20.5,56.7,186.7,37.6,3.4,Silking,19,10,Low
215,11,30.5,89.6,118.2,56.6,0.8,Seedling,10,2,High
216,11,33.4,54.6,73.8,40.7,12.4,Seedling,63,56,Medium
217,11,28.9,75.3,105.7,26,16.1,Tasseling,38,29,Medium
218,2,31.8,48.7,145.5,35.9,6.8,Vegetative,40,55,Medium
219,12,24.4,94.3,120.9,32.9,15.2,Silking,71,6,High
220,6,22.8,46.7,157.4,21.3,1,Tasseling,78,26,Medium
221,4,37.3,89.6,284.7,57,14.4,Vegetative,97,10,Medium
222,8,37.9,65.7,307.7,37.4,1.8,Tasseling,64,29,Low
223,4,22.3,59.4,17.7,37.3,17.6,Maturity,86,30,Low
224,5,28.7,86.6,150.8,54.7,14.6,Tasseling,46,2,High
225,7,19,70.9,126.9,28,7.7,Tasseling,97,35,Medium
226,5,34.5,74.3,213.9,20.8,1.9,Whorl,43,35,Medium
227,6,33.1,50.9,178.2,37.5,0.9,Vegetative,91,21,Medium
228,8,28.4,48.2,312.6,21.3,18.6,Whorl,20,25,Low
229,10,32.8,56.5,117.7,52.3,10.6,Maturity,72,19,Medium
230,8,34.3,60.3,235.8,59.1,11.7,Maturity,88,40,Medium
231,1,29.9,54.6,229.5,58.7,11.6,Vegetative,92,3,Medium
232,10,27.6,68.8,252.4,49.9,7.6,Maturity,31,2,Medium
233,10,37,46,6.6,29.1,3,Maturity,26,26,Low
234,9,33.5,90.6,305.5,48.1,1.2,Vegetative,66,13,Medium
235,9,24.5,76.4,183.9,29.1,3.5,Silking,43,34,Medium
236,6,31.5,87.7,238.3,51.2,5.3,Tasseling,24,15,Medium
237,5,29.2,52.4,340.5,28.4,5.8,Vegetative,88,45,Low
238,8,24.3,59.2,326.8,50.8,5.5,Seedling,73,43,Low
239,9,25.6,93.9,286.4,58,16.1,Whorl,5,18,Medium
240,12,19.6,90.8,229.6,48.6,4.3,Silking,34,59,Low
241,9,31.9,47.6,215.5,41.4,4.8,Maturity,67,14,Medium
242,11,22.7,45.5,115.6,36.3,13.6,Vegetative,0,35,Medium
243,3,26.1,91.4,307.4,36.5,4,Whorl,41,18,Medium
244,11,19.2,82.3,228.3,25.4,14.8,Seedling,22,26,Low
245,3,36.7,42,292.7,50.5,3.7,Maturity,37,56,Low
246,1,18.2,71.2,37.6,59.2,5.7,Maturity,69,33,Medium
247,8,35.8,47.4,176.5,27.3,16.2,Whorl,20,46,Low
248,8,31,79.5,4.9,30.2,5.9,Maturity,96,12,Medium
249,3,30.2,75.1,141.9,34.2,6.6,Tasseling,85,6,High
250,3,37.6,66.3,327.5,15.3,7.7,Tasseling,96,17,Low
251,6,24,79.8,4,44.4,13.9,Seedling,85,7,Medium
252,8,24.1,62.3,175.9,55.3,14.1,Whorl,88,7,High
253,11,36.3,56.2,215.1,24.9,2.7,Vegetative,58,47,Low
254,10,25.5,78.6,319.5,49.1,16,Vegetative,97,15,Medium
255,11,33.1,88,28.7,35.1,14.1,Seedling,72,7,Medium
256,1,34.6,89.7,70.8,39.1,3.3,Silking,56,7,High
257,11,22.1,72.1,31.8,38,16.2,Tasseling,16,32,Medium
258,7,27.1,43.2,161.8,51.3,14.5,Tasseling,32,52,Medium
259,1,32.9,71.8,15.9,30.5,1.3,Seedling,8,59,Low
260,8,18.6,62.5,269.1,49.5,19.6,Maturity,53,23,Low
261,7,27,90.4,132.1,18.6,19.3,Silking,17,41,Medium
262,6,20.4,94.6,137.6,20.7,19.6,Seedling,96,1,Medium
263,5,27.3,79.6,148.4,32.1,4.6,Tasseling,44,9,High
264,5,21.8,88.1,267.9,16.4,13.2,Silking,98,59,Low
265,1,22.8,43.7,207.9,35.1,13.4,Seedling,31,47,Low
266,1,26,52.9,76,53.9,1.1,Silking,37,14,Medium
267,12,29.5,71.8,270.4,51.8,4.7,Vegetative,84,33,Medium
268,4,26.3,55.1,194.9,41.6,14.7,Vegetative,80,43,Medium
269,7,29.1,42.6,120.5,43.9,7.6,Silking,40,44,Medium
270,7,26.2,56.5,64.4,39.2,4.8,Vegetative,38,54,Medium
271,12,20.9,65.5,20.2,33.6,8.3,Silking,17,24,Low
272,4,23.1,58.2,27.7,35.2,7.4,Silking,92,53,Low
273,4,19,60.7,211.7,16.8,1.5,Silking,92,42,Low
274,9,22.3,51.5,317.5,28.6,18.2,Vegetative,24,47,Low
275,2,32.9,81.5,320.1,46.3,14.1,Tasseling,30,35,Low
276,6,33.5,60.9,186.8,31.2,5.2,Silking,63,29,Medium
277,2,34.1,79.7,266.6,29.4,4.1,Whorl,52,2,Medium
278,10,35.3,80.8,5.7,39.9,11.7,Maturity,53,18,Low
279,3,21.9,52.7,199.4,26.1,11,Maturity,43,16,Low
280,8,37.3,75.3,171.7,22.6,15.9,Vegetative,17,46,Medium
281,9,27.8,90.4,189.7,43.9,1.2,Seedling,9,60,Medium
282,11,19,40.4,48.1,43.4,1.4,Vegetative,1,13,Medium
283,9,27.1,43.3,223.2,57,18.3,Maturity,62,1,Medium
284,1,28.6,62.6,5.9,47.5,10.7,Whorl,2,32,Low
285,12,31.5,84.3,318.4,19.8,1.9,Vegetative,30,12,Medium
286,10,28.5,84.8,93.6,32.9,7.5,Tasseling,58,36,High
287,4,37.8,52.4,239.4,53.2,13.1,Maturity,97,2,Low
288,2,26.1,60.7,166.6,43.7,14.1,Seedling,63,54,High
289,7,30.9,58.2,342.1,58.8,17.9,Seedling,29,13,Low
290,12,35.8,66.2,16.3,18.3,18.5,Silking,72,42,Low
291,1,21.6,86.8,5.5,24.3,2.9,Maturity,50,59,Low
292,2,24,71,198.3,53.2,13.5,Silking,42,24,Medium
293,12,20.8,94.4,253.5,37.5,19.5,Seedling,12,27,Low
294,4,34.8,58.7,269.2,58,7.9,Whorl,3,40,Low
295,5,33.7,64.8,79.8,39.9,7.5,Vegetative,87,37,High
296,11,25.6,82.5,103.4,26.1,1.5,Whorl,19,24,Medium
297,12,33.7,48.5,136.4,31.2,1.8,Whorl,56,23,Medium
298,5,20,44.8,150.8,40.1,10.2,Seedling,3,5,Low
299,6,29.1,72.8,274.6,53.9,0.2,Tasseling,49,49,Medium
300,2,32.5,70.8,347.5,25.9,10.4,Maturity,48,10,Low
301,3,23.4,54.8,51.1,22.5,5.5,Whorl,61,50,Medium
302,2,25.2,91.9,252.3,37.3,12.3,Tasseling,13,8,Medium
303,5,18.1,61.8,294.6,32.1,17.2,Tasseling,42,27,Low
304,11,37.5,47.5,112.2,57.6,4,Whorl,22,25,Low
305,6,23.8,78.2,171.9,40.9,4.8,Tasseling,35,52,Medium
306,7,25.3,91.3,69.9,59.9,3.6,Silking,3,60,Medium
307,12,27.2,79,153.5,28.1,13.9,Tasseling,86,31,High
308,3,30.7,53.3,230.5,47.2,15.8,Seedling,57,38,Low
309,8,29.6,69.4,323.2,54.1,8.4,Seedling,46,44,Low
310,9,29.9,90.3,38.3,26.2,13.3,Vegetative,82,39,High
311,1,29.3,75.5,226.4,58.5,6.6,Tasseling,13,0,Medium
312,2,23.2,68.1,181.6,41.1,11.5,Tasseling,47,25,Low
313,8,33.4,72.4,175.2,30.5,0.5,Seedling,37,26,Medium
314,2,20.3,91.7,49.6,29,9.1,Vegetative,66,30,Medium
315,6,27.5,64.1,243.9,29.4,6,Maturity,14,1,Low
316,6,31,77.2,57.5,59.3,4.9,Vegetative,70,10,High
317,6,29.2,92.7,81.1,33.2,3.7,Maturity,84,27,High
318,7,18.6,73.8,69.1,41.6,7.8,Maturity,27,13,Medium
319,5,33,84.5,21.9,19.6,17.4,Vegetative,46,20,Medium
320,4,27.2,54.4,301.9,38.7,12.8,Silking,49,39,Low
321,7,29.7,59.1,295.9,42.8,16.3,Maturity,38,58,Low
322,10,29.8,77,109.6,25.7,2.3,Whorl,88,9,High
323,9,25.8,72.8,201.2,34,9.7,Silking,88,58,Medium
324,11,36.6,49.5,58.4,28,3.7,Tasseling,79,3,Medium
325,6,37,66.7,68.3,32.3,11.2,Maturity,63,26,Medium
326,11,27.8,79.1,155.3,22.5,11.3,Vegetative,37,2,High
327,5,22.5,55.9,273.3,40.5,15.5,Tasseling,70,32,Low
328,2,29.5,54.7,190.1,59.6,10.8,Seedling,97,46,Medium
329,8,28.9,94.4,35.8,52.4,15,Whorl,4,28,High
330,5,25,84.9,153.7,59.7,15.5,Vegetative,26,51,High
331,12,29.8,59.3,248.8,43.5,3.3,Vegetative,100,13,Medium
332,4,34.1,71.4,186.3,41.9,3.4,Maturity,37,18,Medium
333,10,23.3,87.2,344.9,45.6,1.9,Tasseling,7,17,Low
334,11,20.5,87.6,87.4,47,16.6,Maturity,50,31,Medium
335,3,29.5,54.8,145,35.3,12.7,Seedling,51,32,Medium
336,12,23.6,91.5,129.2,57.8,6.5,Seedling,99,54,High
337,12,19.9,93.5,222.2,46.4,17,Silking,50,13,Medium
338,7,34.5,67.2,113,27.8,10.9,Vegetative,72,54,Medium
339,8,33.8,89.2,266.8,17.1,12.5,Tasseling,2,7,Low
340,3,26.8,40,335.3,24.1,13.8,Vegetative,83,19,Low
341,3,35.5,88.2,32.7,31.2,1.6,Maturity,83,10,High
342,1,25.9,56.8,244.8,25.5,13.1,Maturity,12,0,Low
343,4,27.5,47.3,79.2,45.6,0.2,Maturity,43,52,Medium
344,2,37.8,63.2,46.3,18.2,7.7,Maturity,13,6,Low
345,6,25.4,56.5,134,51.6,17.5,Maturity,86,9,High
346,2,28.6,40.5,227.5,34.8,14.4,Maturity,95,9,Medium
347,7,30.3,64.3,76,55.3,2.8,Seedling,75,46,High
348,7,25,63.6,276.9,26.2,12.9,Vegetative,70,38,Medium
349,10,32.4,55.7,329.4,16.2,16.9,Whorl,26,33,Low
350,10,28.2,81.1,103.4,17.5,18,Vegetative,63,24,High
351,2,22.8,75.1,24.9,55,0.2,Whorl,40,8,Medium
352,7,35.2,71.3,127.9,45.7,15.3,Seedling,2,37,Medium
353,2,18.3,51.9,322.9,57.7,8,Whorl,80,45,Low
354,9,33.3,63.3,140.8,43.8,10.8,Vegetative,35,5,High
355,5,19.6,90.7,341,22,6.5,Silking,81,48,Low
356,11,31.6,43.6,244.5,47.8,16.9,Seedling,31,5,Medium
357,7,20.3,73.7,19.3,45,13.2,Vegetative,15,0,Low
358,12,20.7,40.6,173.7,30.6,10.3,Maturity,33,10,Medium
359,6,20.5,83,94.1,54.9,15.4,Seedling,42,51,Medium
360,7,23.4,43.5,249.3,40.9,1.5,Tasseling,65,23,Low
361,1,28,71.2,128.7,26.5,2.1,Silking,86,46,High
362,2,22.6,68,15.4,53.8,4.9,Tasseling,46,24,Low
363,3,21.6,92.8,12.4,51.1,14.3,Maturity,53,14,Low
364,6,23,90.4,112,52.2,11.4,Seedling,64,43,High
365,1,21.6,84.2,343.5,57.9,1.4,Tasseling,36,49,Low
366,5,24.5,70.4,2.8,24,11.3,Whorl,94,39,Medium
367,4,27.3,72.5,172.7,49.8,3.9,Silking,97,50,High
368,4,21,91.3,8.4,39.4,12.7,Maturity,1,60,Low
369,6,18,76.2,297.2,47.7,2.1,Silking,30,26,Low
370,8,37.2,93.5,49.8,27.6,0.9,Vegetative,66,26,Medium
371,12,35.9,65.2,261.8,41.1,10.1,Maturity,50,4,Low
372,10,29.4,63.9,337.5,25.7,5.2,Whorl,50,44,Low
373,12,24.5,64.9,81.8,57.5,2.7,Silking,13,9,Medium
374,2,21.3,65.6,142.3,39.1,19.3,Vegetative,57,19,Medium
375,8,23.3,46.6,55.2,45.9,16.5,Maturity,77,2,Medium
376,4,34.7,58,31.9,26.2,7.1,Silking,6,43,Low
377,5,23.2,94.5,10.9,33.2,9,Maturity,70,15,Medium
378,2,27.2,84.2,48.9,15.5,16.6,Vegetative,16,12,High
379,7,25.4,74.7,225.6,41.2,5.2,Seedling,2,4,Medium
380,4,36,64.4,45.1,55.7,16.6,Whorl,15,2,Medium
381,8,19,90.8,151.6,47.6,9.9,Tasseling,87,27,Medium
382,3,25.1,90,96.2,35.1,3,Silking,79,39,High
383,4,30.9,67.4,309,36.6,1.8,Tasseling,17,26,Low
384,4,30.9,83.8,87.2,59.7,10.9,Seedling,48,50,High
385,12,25.2,69.9,169.6,56.1,10,Tasseling,34,11,High
386,1,24.4,52,313.5,50,1.2,Tasseling,67,22,Low
387,10,38,93.6,35,44.6,5.3,Maturity,7,48,Medium
388,4,29.5,94,135.9,57.1,19.8,Vegetative,22,15,High
389,10,24.4,80.6,125.6,41.6,14.1,Whorl,72,36,High
390,3,29.3,50.4,345.8,54.7,9.8,Whorl,22,31,Low
391,1,19.8,52.8,76.6,38.7,0,Silking,25,51,Low
392,3,24.8,49.8,280.8,54.1,1.2,Vegetative,75,45,Medium
393,3,33.5,86.6,301.2,58.2,7.5,Maturity,50,37,Low
394,2,24.7,57.7,341.6,48,8.7,Maturity,62,41,Low
395,6,21.5,93.3,242.7,56.8,15.7,Vegetative,85,37,Medium
396,3,25.6,80.4,103.1,23,0,Maturity,73,25,High
397,10,18.6,73.1,322.4,58.5,4.4,Silking,13,59,Low
398,8,20.8,81,83.3,59.2,3.4,Seedling,90,42,Medium
399,11,32.6,58.5,4,24.4,13.9,Whorl,32,50,Low
400,2,32.4,42.6,153.4,33.9,3.3,Tasseling,63,56,Medium
401,7,25,60.6,290.1,50.5,11.6,Maturity,28,10,Low
402,8,19.5,86.5,103.2,29.3,19,Seedling,43,10,Medium
403,7,21.2,44.1,329.6,59,6.8,Silking,61,45,Low
404,1,26.6,75.9,212.6,34.5,1.1,Whorl,26,12,Medium
405,7,31.9,79.7,255.5,26.9,5.6,Vegetative,12,3,Medium
406,7,29.4,86.2,53.8,31.2,8.6,Whorl,84,40,High
407,10,27.6,45.3,72.4,43.7,19.5,Tasseling,14,19,Medium
408,7,27.4,89.2,92.8,43.9,7.8,Whorl,48,23,High
409,3,26.9,54.5,162.8,25.2,5.4,Seedling,19,48,Low
410,12,31.3,44.7,120.3,39.4,19.4,Silking,29,35,Medium
411,1,34.8,85,146.5,39.1,17.3,Tasseling,73,56,High
412,4,27.5,44.3,316,47.1,10,Silking,73,43,Low
413,10,20.9,92.2,157.2,57.7,3.3,Vegetative,24,8,Medium
414,1,26.5,94.4,152.4,59.9,12.5,Silking,33,20,High
415,12,36.3,43.7,135.8,32.9,6.5,Whorl,66,29,Medium
416,1,33.7,74.3,182.9,33.9,8.3,Vegetative,72,37,Medium
417,10,33.2,91.7,323.7,40.3,2,Whorl,68,56,Medium
418,6,35.6,54.5,229.2,40.7,9.5,Vegetative,35,25,Low
419,3,30.4,77.4,140.6,32.8,17.6,Maturity,30,3,High
420,12,27.5,54.8,130.4,30.2,15.9,Whorl,35,53,Medium
421,8,35.2,77.7,340.4,25.3,6,Maturity,56,49,Low
422,6,23.4,62.9,225.9,23.5,4.2,Tasseling,94,31,Low
423,9,35.3,85.2,180.3,22.2,6.2,Silking,51,8,Low
424,9,35.6,41.6,67.5,52.5,16.7,Vegetative,4,29,Low
425,1,36.4,78.8,95.9,52.1,10.1,Maturity,15,43,Medium
426,1,22.8,66.9,156.1,58.2,9.5,Silking,44,22,Medium
427,3,34.8,54.2,290.8,19.1,0.5,Seedling,20,54,Low
428,10,33.6,51.8,77.5,25.1,4.1,Maturity,52,32,Low
429,1,35.3,93.2,238.8,36.3,2.6,Vegetative,76,51,Medium
430,1,22.5,73.5,330.1,47.1,14.2,Whorl,54,57,Medium
431,7,35,65.2,76.4,28.6,10.4,Silking,50,37,Medium
432,2,18.1,95,338.3,52.8,11.2,Silking,77,18,Low
433,5,31.7,66.5,117.7,27.4,6.5,Whorl,33,41,Medium
434,12,37,75.8,65.9,38.3,4.8,Seedling,76,25,Medium
435,11,24.4,47.7,8.9,37.4,5.9,Tasseling,51,24,Low
436,12,18.7,78.9,200.2,23.5,14.5,Vegetative,87,34,Medium
437,11,33.7,89.9,235.2,37.8,16.9,Maturity,71,11,Medium
438,5,20,47,90.5,51.4,15.3,Vegetative,87,57,Medium
439,6,31.1,52.2,78.2,54.2,8.4,Whorl,47,16,Medium
440,10,23.9,86.8,164.7,54,11.7,Silking,9,30,Medium
441,4,28,87.7,133.6,28.4,1.1,Vegetative,17,12,High
442,6,26.2,71.3,317.3,35.6,6.3,Maturity,23,49,Low
443,2,27.8,74.7,61.9,43.6,0.1,Whorl,26,48,High
444,3,29.5,48.7,274.8,50.1,2.6,Tasseling,81,27,Low
445,7,26.6,66.3,1.6,39,14.6,Seedling,41,48,Low
446,9,21.8,77.2,219.3,26.2,13.9,Whorl,39,8,Medium
447,2,25.7,72.4,58.5,52.1,6,Whorl,58,46,High
448,9,29.9,58.6,310.8,59.8,6.9,Tasseling,45,48,Low
449,4,21.3,89.9,284.2,15.9,4.5,Vegetative,27,46,Low
450,1,29.8,49.3,128.3,44.3,0.7,Maturity,32,49,Medium
451,9,30.5,72.7,16.8,19.9,16.7,Seedling,88,7,Medium
452,7,26.9,46.8,88.5,46.6,4.1,Maturity,80,0,High
453,5,26.4,45.6,182.1,43,14,Tasseling,13,32,Low
454,12,30.4,55.5,274.7,37.4,12.2,Whorl,66,12,Medium
455,6,32.1,56.2,13.8,37.3,4.2,Tasseling,42,15,Low
456,1,18.3,44.9,38.7,40.8,9.9,Seedling,99,32,Medium
457,2,32.5,45.6,89.6,25.4,19.8,Whorl,33,29,Medium
458,1,20,49.6,13.8,28.1,16,Whorl,54,47,Low
459,2,19.9,81.7,16.1,53.3,13.3,Vegetative,42,22,Low
460,8,37.1,54.8,256.6,31.8,6.9,Seedling,51,25,Low
461,8,23.4,61.2,297.7,51,13,Vegetative,14,8,Low
462,12,32.5,94,295.5,19.7,18.2,Tasseling,72,43,Low
463,8,21.6,60.9,125.5,16.3,13.7,Maturity,16,30,Low
464,8,20.3,62.6,16.1,26.8,6.3,Maturity,86,33,Low
465,12,29.5,71.1,342.3,45.1,6.8,Silking,88,44,Medium
466,10,19.9,76.4,87,30.6,13.5,Tasseling,19,53,Medium
467,9,35.8,73.7,4.1,57,10.1,Tasseling,63,55,Low
468,3,19.5,67,84.3,58.7,1,Vegetative,70,41,Medium
469,7,26.1,52.9,160.7,51.1,9,Tasseling,57,20,Medium
470,2,37.6,81,6.2,33.2,0.7,Silking,0,52,Low
471,2,33.8,93,223.1,55.1,11.2,Maturity,85,29,Medium
472,6,25.3,43,78,35.5,11.2,Silking,76,30,Medium
473,12,31.1,79.4,39.9,49.2,4.4,Whorl,45,53,High
474,11,37.3,56.1,182.7,46.6,0.9,Vegetative,63,8,Medium
475,12,32.9,62.5,89,23.8,2.4,Tasseling,27,29,Low
476,4,32.3,45.9,145.1,56.7,16.7,Silking,15,49,Low
477,8,27.1,72.4,176.5,58.4,0.1,Maturity,6,35,Medium
478,7,34.8,66.6,177.9,56.5,3.5,Silking,22,46,Medium
479,3,20.1,76.2,212.2,29.5,17.6,Tasseling,77,58,Low
480,12,33.2,55,337.3,58.7,9.1,Vegetative,17,26,Low
481,10,32,81.2,104.6,46.6,17.2,Maturity,94,59,High
482,9,30.7,51,218.5,28.1,6.9,Maturity,16,45,Low
483,11,37.5,49.8,189.9,43.7,14.2,Whorl,71,30,Low
484,10,29.4,76.7,146.1,48.7,16.8,Whorl,54,51,High
485,1,28.5,41.4,50.9,45.2,4,Vegetative,36,43,Medium
486,5,20.9,43.4,274.5,24.2,10.8,Whorl,57,6,Low
487,10,35.4,80.7,302.7,48.4,11.2,Vegetative,65,50,Medium
488,12,23.8,76.5,324.3,32.4,19.1,Maturity,40,35,Low
489,1,18.3,53.8,217.2,50.1,17.4,Vegetative,81,45,Low
490,12,31,81.5,191.3,42.2,15.5,Vegetative,37,28,Medium
491,3,37.7,44.1,336.9,48.1,2.4,Seedling,54,17,Low
492,9,23.3,48.9,296.1,15.3,9.3,Vegetative,5,9,Low
493,6,29.9,82.6,218.9,52.9,6,Silking,70,22,Medium
494,2,33.7,57.5,77,23.3,1.4,Silking,20,26,Low
495,9,28.7,45.1,77.4,24.6,6.6,Whorl,37,13,Medium
496,10,28.6,94.8,288.3,59.2,0.2,Maturity,44,28,Medium
497,4,36.1,73.8,217.4,58.2,13.7,Whorl,48,58,Medium
498,2,25.7,69.7,99,56,16.4,Whorl,65,51,High
499,9,26.9,42.4,314.4,23.7,10.3,Seedling,21,49,Low
500,9,28.7,74.5,73.8,43.3,4.3,Maturity,54,53,High
501,2,22.1,85.6,307.5,48.4,8.7,Seedling,95,43,Medium
502,3,18.5,79.4,13.3,18.3,3.6,Whorl,71,4,Medium
503,10,34.4,90.1,142.7,35.3,8.1,Whorl,2,24,Medium
504,11,20.4,40.3,252.1,17.8,14.9,Seedling,89,54,Low
505,2,25.2,67.7,101.4,45.9,12.1,Whorl,97,59,High
506,8,25.6,85.2,10.8,22,4.4,Maturity,50,50,Low
507,9,23.9,74.9,104.3,54.9,19.3,Maturity,82,23,High
508,1,29.1,70.5,43.1,15.2,11.9,Silking,70,60,High
509,2,24.1,81.2,316.2,30.5,8.3,Maturity,65,9,Medium
510,3,21.7,73.9,88.5,20.2,13.4,Silking,6,54,Low
511,9,27.2,70.2,101.7,18,2,Maturity,74,31,High
512,6,25.1,76.9,82.1,27.8,1.4,Vegetative,40,31,High
513,8,24.6,76.3,242.7,21.9,11.3,Whorl,54,10,Medium
514,1,24.3,83.2,249.3,43.8,5.5,Whorl,17,43,Medium
515,12,24.6,66.4,155.9,49.9,9.7,Seedling,22,41,Medium
516,10,19.6,55.4,289.3,55.1,3.9,Maturity,80,4,Low
517,12,19.5,41,177.5,16.4,11.6,Tasseling,98,37,Low
518,4,36.1,70.3,190.2,59.9,9.4,Vegetative,46,25,Medium
519,4,35.8,72.4,300,21,10,Seedling,50,23,Low
520,9,18.2,53.1,337.4,59.2,13.7,Silking,17,28,Low
521,3,21.6,92.2,230.8,58.5,14.7,Tasseling,45,2,Medium
522,4,33.2,52.7,92.5,25.5,13.4,Silking,46,24,Low
523,8,36.4,88.5,14,44.2,2.1,Silking,81,53,Low
524,5,34.7,54.5,190.5,22.8,13.1,Whorl,75,41,Low
525,2,28.3,60.7,317.5,38.2,7.1,Whorl,62,50,Medium
526,8,35.7,40.4,308.7,34.8,4.6,Silking,82,17,Low
527,4,21,48.7,210.7,51.8,13.2,Tasseling,42,46,Low
528,2,27.6,66.3,73.7,22.3,16.7,Seedling,31,2,Medium
529,3,29.5,48.9,220.3,16.8,11.4,Seedling,21,16,Low
530,3,28.3,62.3,339.2,43.7,17.6,Maturity,84,52,Medium
531,5,36.9,51.9,212.3,36.2,9.6,Vegetative,52,38,Low
532,3,33.9,85.1,63.7,44.7,5.3,Maturity,87,21,High
533,8,29.9,43.8,132.4,20.9,0.3,Silking,64,43,Medium
534,7,34.5,73.3,62.1,55.6,12,Silking,64,48,High
535,2,19.9,76.3,315.7,39.3,0,Maturity,83,27,Low
536,9,26.4,88.1,244.2,34.3,18.8,Tasseling,98,24,Medium
537,6,29.8,80.8,266.5,46.4,2,Vegetative,32,30,Medium
538,4,36.2,44.6,209.4,39.5,5.2,Seedling,90,47,Low
539,1,29.6,46.5,2.5,44.5,13.8,Whorl,52,23,Low
540,2,21.1,75.8,88.8,53.5,8.5,Whorl,78,17,High
541,11,25.9,51.2,193.2,40.1,3.6,Silking,71,30,Medium
542,5,37.8,71.8,271,32.9,2.8,Maturity,15,47,Low
543,4,26.9,78.5,56.6,24.7,8,Whorl,70,39,High
544,12,31.7,42.9,136.2,43.6,16.1,Vegetative,60,59,Medium
545,10,26.7,43.5,77.6,18.6,0.8,Tasseling,51,39,Medium
546,11,28.4,79.1,209.1,57.6,16.4,Maturity,63,28,Medium
547,1,22,76.1,281.4,27.9,0.7,Silking,65,33,Low
548,12,22.6,49.3,12.6,25.8,0,Vegetative,11,17,Low
549,7,25.1,61.7,205.1,38.3,14.7,Seedling,11,35,Low
550,5,32.5,70.8,204,30.6,16.3,Vegetative,77,12,High
551,8,36.6,71.6,91.4,33.3,2.1,Seedling,64,18,Medium
552,6,36.9,84.2,334.8,54.4,16.3,Silking,32,44,Low
553,8,37.3,71,269.5,49.1,19.2,Tasseling,87,29,Low
554,10,35.2,66.5,90.2,32.2,15.8,Vegetative,86,44,Medium
555,4,34,62.7,123.6,39.1,14,Whorl,31,18,Medium
556,2,26,81.2,119.7,40,3.6,Whorl,45,13,High
557,10,23.4,92.1,239.1,55.9,10,Vegetative,30,47,Medium
558,4,35.5,51.4,71,26.2,12.4,Vegetative,99,6,Medium
559,2,36.4,77.2,232.2,42.6,15.3,Silking,5,54,Low
560,8,25.4,57.3,314.3,54.6,11.5,Whorl,62,11,Medium
561,9,23.6,52.2,201.8,17.4,16,Tasseling,69,2,Low
562,9,24.9,87.3,271.6,35.6,2.4,Silking,58,20,Medium
563,12,18.2,77.1,132.8,19.5,7.2,Whorl,23,35,Medium
564,5,22.7,65.9,214.6,31.5,10,Vegetative,53,44,Medium
565,6,25.3,62,157.8,40.7,19.6,Maturity,29,52,Medium
566,2,32.4,84.2,194.4,53.5,3.9,Maturity,19,30,Low
567,1,21.5,67.5,348.4,53.2,10.3,Maturity,40,50,Low
568,8,24,70.9,198.7,32.9,13.8,Seedling,27,52,Medium
569,5,27.5,74.6,157.4,30.1,7.2,Silking,71,59,High
570,5,24.9,62.6,122.9,45.6,12.1,Silking,73,41,High
571,11,28.8,93.9,99.6,29.6,10.2,Maturity,57,56,Medium
572,2,25.6,55.8,221.1,21.5,3.4,Whorl,53,40,Low
573,10,29.4,86.7,25,22.3,4.6,Whorl,83,18,Medium
574,12,23.3,75.5,94.9,35,17.3,Whorl,95,37,High
575,9,37.3,62.8,64.4,16,14.6,Maturity,32,60,Low
576,12,32,44.4,58.4,19.6,1.3,Tasseling,70,3,Medium
577,1,33.4,68.8,348.6,19.7,12.4,Seedling,83,59,Low
578,7,24.2,53.6,99.5,43.2,2.6,Vegetative,3,2,Medium
579,11,25.1,90.3,302.5,36,17.4,Whorl,70,28,Medium
580,3,37.4,78.4,62,41.9,12.6,Maturity,72,27,Medium
581,9,30.8,69.4,318.1,36.7,4.5,Seedling,56,19,Low
582,6,26.2,48.6,3.7,38.5,15.2,Vegetative,44,18,Low
583,8,28.7,77.8,172.2,49,6,Tasseling,37,38,High
584,4,33.9,70.2,66,54.7,8.7,Vegetative,20,45,Medium
585,12,30.9,85.6,77.2,18.6,12.5,Silking,97,51,High
586,10,34.2,77.7,99.6,48.4,16.2,Tasseling,24,54,Medium
587,2,21.6,55.9,222.9,42.8,5.4,Silking,62,12,Low
588,6,18.4,42.7,187.2,23.4,2,Whorl,16,45,Low
589,8,32.5,52.8,52.7,37.2,6.8,Whorl,100,51,Medium
590,8,38,65.5,277,29.9,16.9,Vegetative,7,17,Low
591,7,19.4,65.9,67.3,52.9,16.3,Seedling,15,49,Low
592,12,23,82.4,155,48.2,0.7,Tasseling,94,49,High
593,2,28.4,94,165.5,45.7,6.2,Whorl,20,40,High
594,12,18.8,91.6,182.3,26.4,12.8,Vegetative,46,56,Low
595,1,35.3,52,39.5,43.5,6.5,Vegetative,35,37,Medium
596,2,25.9,53.4,339.1,41.1,13.8,Maturity,76,9,Medium
597,6,33.4,53.7,175,45.9,6.8,Maturity,7,3,Medium
598,6,30.9,78.6,277,20.7,4.7,Silking,100,41,Medium
599,6,34.1,64.1,67.5,46,7.2,Vegetative,32,57,Medium
600,1,27.7,64.1,103.2,46.4,3.8,Vegetative,69,22,High
601,6,32.6,55.1,291,56.2,11.1,Seedling,67,9,Low
602,8,23.9,54.5,128.5,15,12.8,Tasseling,93,11,Medium
603,1,30.4,60,217.1,29.4,1.3,Silking,49,12,Medium
604,9,31.7,82.1,53.9,27.7,8.2,Whorl,14,6,High
605,9,31.2,42.4,328.2,23,0.6,Seedling,62,12,Low
606,2,18.6,75.3,136,37,12.5,Silking,32,3,Medium
607,6,22.4,79.5,4.6,56.4,13.1,Seedling,59,51,Low
608,11,19.2,70.7,328.4,33.7,7.4,Maturity,7,52,Low
609,10,23.3,42.2,24.6,28.7,18.9,Silking,12,6,Low
610,12,22.6,61.2,67.6,44.6,11.4,Vegetative,71,47,High
611,9,26.3,45.8,223.5,31.1,9.2,Maturity,54,56,Low
612,2,21.3,49.9,140.5,30.2,3.2,Silking,56,59,Low
613,6,36,70.3,348.9,53,8.2,Maturity,55,52,Low
614,12,24.5,53.2,191,31.9,11,Maturity,32,23,Low
615,8,26.9,61.8,254.2,59.2,11.9,Silking,17,56,Low
616,5,18.1,94.1,75.2,29.2,15.4,Maturity,35,58,Medium
617,9,28.2,71.4,200.1,19.2,9.2,Vegetative,17,16,Medium
618,6,35.8,53.7,89.7,28.5,11.4,Silking,27,46,Low
619,2,32.5,83.6,60.5,52.2,13.8,Silking,12,38,Medium
620,11,24,80.2,201.7,18.5,1.1,Whorl,44,56,Medium
621,7,26.3,87.7,304.4,25.2,13.1,Silking,1,40,Low
622,11,25.6,56.8,14.4,39.3,3,Silking,89,14,Medium
623,3,19,80.2,137.5,35.1,11.9,Silking,11,14,Medium
624,7,23.8,61.7,46.3,18.7,11.4,Seedling,70,25,Medium
625,5,19.7,67.6,270.8,20.9,2.7,Silking,25,31,Low
626,7,31,50.8,215.6,48.1,4.9,Seedling,34,49,Low
627,7,24.5,90.8,31.4,45.2,8.5,Whorl,24,20,High
628,6,29.9,41.3,106.7,59.4,12.3,Tasseling,79,9,High
629,8,18.9,85,69.9,31.8,15.2,Seedling,14,47,Medium
630,1,22.9,74.2,51.7,52.5,5.8,Whorl,88,51,High
631,2,24.1,65.9,116.2,48.3,4.2,Silking,66,48,High
632,5,29,74.3,347.3,46.3,13.4,Tasseling,74,57,Medium
633,11,28.5,54.1,21,24,13.9,Whorl,6,29,Low
634,11,36.9,43.7,231.1,44.8,18.3,Whorl,13,1,Low
635,5,35.3,75.7,80.9,32.1,19.5,Seedling,40,31,Medium
636,10,28.6,50.3,175.2,35.6,18.5,Seedling,5,15,Medium
637,9,24.1,66.9,260.5,15.8,13.7,Whorl,80,19,Medium
638,4,37.9,93.8,96.6,17.8,5.2,Tasseling,3,60,Low
639,9,37,52.4,119.6,32.7,2.7,Maturity,48,33,Low
640,11,30.2,74.4,79.6,25.8,3.1,Whorl,77,21,High
641,8,28.8,51.4,48.5,39.4,16,Vegetative,39,44,Medium
642,12,36,90,150.5,55.9,15.4,Maturity,72,58,Medium
643,3,24.3,70.7,332,20.3,6.4,Vegetative,93,1,Medium
644,6,35.6,62.8,143.9,34.9,18.7,Maturity,94,17,Medium
645,3,33.6,45.9,64.7,49.3,12.2,Whorl,77,36,Medium
646,10,22.6,52.8,240.6,31.2,13.8,Tasseling,17,32,Low
647,10,27.4,75.7,64.4,32.4,9.5,Vegetative,24,14,High
648,1,26.2,93.3,323.9,57.8,4.5,Maturity,25,48,Low
649,4,19.3,91,345,54,9.8,Whorl,58,56,Low
650,4,26.6,82.7,212.8,52.1,14.4,Tasseling,78,60,Medium
651,12,29.4,69.5,224.5,46.7,0.8,Seedling,57,29,Medium
652,1,35.6,53.5,188.3,59.3,0.8,Tasseling,66,48,Low
653,11,37.3,50.4,153.8,54.8,15.5,Whorl,59,10,Medium
654,7,23.9,90.5,241.5,55.7,9.3,Maturity,57,5,Medium
655,12,28,49.9,204.9,55.2,10.9,Tasseling,52,20,Low
656,8,18.5,65,313.8,55.3,17.7,Seedling,32,20,Low
657,12,31,79.1,57.4,48,1.8,Maturity,57,40,High
658,6,19.7,78.9,254.4,58.9,12.2,Vegetative,48,35,Low
659,7,18.9,49.4,117.3,54.2,17.3,Vegetative,18,11,Medium
660,12,19,56.9,255.6,58.2,5.8,Vegetative,15,57,Low
661,3,37.2,40.2,267.9,15.5,10,Tasseling,69,51,Low
662,1,30.2,67.1,75.9,44.7,9.1,Tasseling,10,38,Medium
663,10,18.1,88.5,97.3,43.3,16.4,Vegetative,6,11,Medium
664,3,19.1,59.2,50.9,16.5,11.6,Silking,38,21,Low
665,2,19,62.9,62.4,45.2,12.2,Maturity,89,38,Medium
666,10,33.7,49.8,159.4,41.1,18.6,Seedling,98,19,Medium
667,6,25.4,60.8,23.7,34.2,11,Whorl,60,8,Medium
668,2,31.9,55.1,184.5,38.6,13.9,Silking,7,6,Low
669,10,32.6,74.6,345.5,36.8,13.8,Maturity,36,27,Low
670,10,35,54.3,201.3,43,18.5,Silking,72,31,Low
671,9,32.6,67.4,282.8,54.8,4.7,Whorl,24,0,Low
672,2,18.5,74.4,41.3,53.2,16,Tasseling,52,2,Medium
673,6,25,84.3,74.3,43.8,13.8,Whorl,8,19,High
674,5,28.1,57.8,2.1,45.9,6.8,Maturity,72,39,Low
675,1,34.6,50.7,291.8,56.5,9.6,Tasseling,4,41,Low
676,3,27.6,74.5,312.2,39.2,6.7,Tasseling,95,3,Medium
677,9,24,79.9,110.4,39.1,4.2,Maturity,42,51,High
678,6,19.3,48.2,294.3,30.3,7.5,Silking,21,36,Low
679,10,25.8,72.7,302.6,48.8,14.1,Whorl,90,2,High
680,5,26.3,67.3,83.2,35.3,19,Vegetative,67,19,High
681,3,20.2,83.2,272.2,56.1,8.9,Seedling,61,57,Low
682,9,21.1,58.7,169.2,54.3,6.2,Whorl,18,49,Low
683,2,34.4,91.6,236.9,21,14.5,Tasseling,49,45,Low
684,9,20.3,57.1,15.4,53.2,17.4,Whorl,59,56,Low
685,1,20.1,82.1,260.9,16,15.2,Maturity,26,20,Low
686,4,21.9,55.2,111.7,34.9,2.4,Vegetative,20,17,Low
687,2,18.3,74.3,179.9,24.3,7,Whorl,34,9,Medium
688,12,34.1,71.6,59.9,29,17.8,Silking,56,3,Medium
689,3,18.6,89.7,17.7,32.3,1.7,Tasseling,22,45,Low
690,10,35.8,74.6,241.5,35.1,7.1,Whorl,25,45,Low
691,11,34.2,44.3,323,49.4,11.4,Seedling,89,29,Low
692,2,27.1,77.6,248.6,35.9,4.6,Vegetative,18,55,Medium
693,10,23.2,60,64.2,56.3,6.6,Whorl,58,31,Medium
694,1,19.3,46.2,167.5,53.1,5.6,Whorl,77,36,Medium
695,3,28.2,62.3,250,19.8,11.1,Seedling,38,34,Low
696,8,26,62.7,217.3,39.7,19.5,Tasseling,8,21,Low
697,4,34.3,72.5,274.5,34.6,15.7,Silking,88,15,Medium
698,3,31.3,44.3,325.8,40.8,9.7,Silking,76,29,Low
699,6,29.1,85.2,61.7,58,1.4,Seedling,87,52,High
700,10,33.4,60.8,173,44.7,1.8,Vegetative,74,57,High
701,11,34.2,81.6,231.3,35.4,5.8,Silking,73,28,Medium
702,4,22.1,88.3,104.9,50.7,13.6,Tasseling,91,58,High
703,6,37.8,72,214,38,17,Whorl,7,23,Low
704,9,37.4,40,196,59,2.2,Whorl,3,15,Low
705,7,32,61.7,111.3,32.2,7.6,Silking,27,42,Medium
706,3,27.5,50.4,134.6,56.6,16.8,Vegetative,36,55,Medium
707,11,20.5,40.6,226.9,21.5,17.7,Maturity,55,8,Low
708,2,20.7,84.3,301.1,55.2,13.9,Tasseling,79,11,Medium
709,8,28.2,70.4,157.5,31,3.7,Silking,0,36,Medium
710,8,34.9,53,175.6,33.5,10.9,Whorl,4,2,Medium
711,10,27.7,60.3,203.1,58.3,1.6,Maturity,93,33,Medium
712,5,27.3,44.3,311.5,19,9.4,Maturity,84,42,Low
713,2,31.7,69.7,202.9,42.6,18.1,Silking,99,0,Medium
714,8,27.1,89.8,200.9,29.9,7.1,Whorl,37,10,Medium
715,1,31.9,72.9,106.4,50.3,5.2,Maturity,60,37,High
716,3,29.5,76.1,102.1,48.2,0.5,Tasseling,10,8,High
717,9,19.5,83.1,88.2,42.7,5.5,Whorl,1,47,Medium
718,2,30.1,90.1,258.6,44.7,7.4,Vegetative,33,50,Medium
719,12,22.7,49.9,184.6,16.5,19.7,Vegetative,76,59,Low
720,3,34.8,81.4,144.5,32.2,13.2,Maturity,81,10,High
721,4,29.6,86.3,19,26.9,16.4,Seedling,21,29,Low
722,7,27.5,66.2,331.9,56.5,4.7,Maturity,90,24,Medium
723,8,23.3,69.2,152.2,28,15.9,Tasseling,86,20,Medium
724,9,31.7,42.3,321.2,43.7,19.1,Tasseling,78,58,Low
725,11,35.2,58.4,93.5,19.4,13.1,Tasseling,59,49,Low
726,11,33,80.4,206.1,23.8,6.7,Maturity,23,20,Low
727,9,18.2,40.5,23.8,33.5,10.5,Maturity,57,22,Low
728,4,32.5,53.9,11.9,42.9,1.1,Silking,84,57,Low
729,4,37,75.1,247.8,20.4,17.1,Vegetative,48,42,Low
730,11,29.3,93.2,313.6,46.3,5.1,Tasseling,84,59,Medium
731,2,30.8,90.7,96.7,34.2,18.1,Whorl,32,10,High
732,2,23.5,43.4,136,59.8,5.2,Whorl,22,28,Medium
733,2,27.8,91.1,213.6,23,9.8,Vegetative,69,49,Medium
734,7,22.4,75.4,319.4,47.2,2.1,Seedling,9,36,Low
735,12,23,64.5,313.8,21.7,12.8,Seedling,85,24,Low
736,5,21,58.1,137,15.2,14.2,Tasseling,61,27,Low
737,7,34.9,83,274.9,39.3,0.1,Maturity,99,30,Medium
738,2,29.3,91.4,125.6,45.7,8,Maturity,82,5,High
739,6,28.7,92.9,28.2,35.7,15.3,Maturity,25,11,Medium
740,9,18.8,61.1,66.9,46.3,17.9,Maturity,88,22,Medium
741,8,19.7,74.8,257.4,21.3,3.9,Maturity,75,15,Low
742,8,25.8,83.6,225.2,37.5,19.3,Tasseling,2,2,Medium
743,6,19.1,83.3,15,20.3,16.1,Maturity,66,29,Low
744,11,35.4,69.5,259.4,25.5,1.4,Maturity,18,31,Low
745,11,18.4,89.9,216.4,25.9,13,Seedling,22,40,Low
746,1,36.1,85.1,34.1,42.5,16.7,Seedling,13,7,Medium
747,8,29.9,73.9,22.1,24.1,6.7,Maturity,86,25,Medium
748,6,20.4,77.6,191.1,29.5,19.3,Vegetative,97,2,Medium
749,10,21.5,43.5,95.9,49.1,3.4,Whorl,70,10,Medium
750,8,22.9,72,46.7,50.6,12.6,Tasseling,99,10,High
751,1,35.6,44.4,2.5,56.7,14.1,Silking,36,26,Low
752,12,34.1,82.5,242.3,24.3,12.8,Silking,57,26,Low
753,4,36.8,73.6,13.2,23.1,10,Seedling,80,52,Low
754,5,25,40.3,82.5,20.3,10.6,Seedling,79,23,Medium
755,9,28.2,65.5,219.3,24.4,1.1,Seedling,19,43,Low
756,8,28,48.8,322.9,17.4,7.3,Vegetative,55,16,Low
757,6,30.3,89,158.6,19.7,1,Silking,22,10,Medium
758,1,27.7,46.4,313.3,47.5,11.9,Whorl,53,12,Medium
759,12,31.5,57.9,272.6,29.7,2,Maturity,52,55,Low
760,4,25.5,52.1,164.8,36.8,17.8,Vegetative,27,59,Medium
761,10,27.1,61.3,47.7,47.4,12.6,Whorl,25,21,Medium
762,3,18.6,71.3,98.2,20,9.3,Tasseling,21,48,Low
763,6,22.4,56.2,54.9,50.8,19.1,Vegetative,73,35,Medium
764,4,19.7,87.1,171.2,59.8,11.8,Tasseling,35,0,Medium
765,12,26.6,88,86.7,34.5,4.4,Silking,19,58,Medium
766,10,36,63,15.5,59.6,14.7,Silking,4,27,Low
767,9,25.9,84.5,243.8,19.4,9.9,Seedling,71,48,Medium
768,1,31.9,62.4,76.3,31.1,4.8,Seedling,2,30,Medium
769,11,24.1,78.7,300.3,48.6,0.5,Tasseling,59,49,Medium
770,3,35.5,62.3,276.5,31.7,9.3,Maturity,0,55,Low
771,11,19.4,89.1,116.5,16.5,8.5,Whorl,89,60,Medium
772,10,28.8,83.7,275.7,18.6,17.6,Maturity,7,32,Low
773,11,25.3,42.8,134,35.9,0.8,Whorl,22,41,Medium
774,9,32.1,70.8,270.8,21.2,6.7,Silking,14,41,Low
775,8,32.7,81.4,304.9,46.6,15.1,Vegetative,41,22,Medium
776,5,28.1,63.3,19.1,31.8,9,Silking,67,53,Medium
777,2,27.4,69.3,288.9,55.5,9,Whorl,86,60,Medium
778,12,34.2,91.7,23,55.1,9.2,Seedling,50,57,Medium
779,3,23.8,92.6,38.3,27.4,13.9,Tasseling,19,55,Medium
780,4,28.4,74.5,102.6,58.6,10.8,Vegetative,60,22,High
781,7,26.9,75.5,102,17.8,17.4,Vegetative,66,41,High
782,6,26.2,58.9,226.1,29.7,11.9,Maturity,67,53,Low
783,9,26.9,56.7,46.2,50.5,3.4,Whorl,29,30,Medium
784,6,37.4,82.3,16.6,30.9,9.1,Vegetative,79,59,Medium
785,3,32.2,55.7,340.6,52.8,13.9,Maturity,19,10,Low
786,4,20.3,94.7,201.1,34.8,7.4,Vegetative,71,45,Medium
787,1,31.3,93.8,51.8,35.2,19.5,Silking,38,7,High
788,1,26.1,67.5,50.9,35.6,6.4,Seedling,94,34,High
789,9,24.6,78.8,165.9,28,18.9,Silking,85,9,High
790,10,32.6,90.7,118.5,20.1,9.6,Seedling,17,43,Medium
791,9,20.3,41.4,216.1,24.9,7.1,Whorl,7,38,Low
792,11,21.9,69,273.4,49.5,3.9,Seedling,68,54,Low
793,8,31.5,92.7,341.5,32.7,9.8,Silking,77,32,Medium
794,1,36.2,59.9,51.8,53.4,7.4,Whorl,1,18,Low
795,6,25,93.8,306,18.9,14.6,Tasseling,94,26,Medium
796,8,23.8,84.3,339.6,34.1,17.9,Vegetative,75,38,Medium
797,2,20.9,56.7,345.9,38.6,6.7,Silking,96,24,Low
798,2,18.1,75.1,95.7,22.9,9.2,Silking,96,58,Medium
799,3,22,85.8,101.3,37.1,16.5,Whorl,74,19,High
800,8,29.2,65.5,9.4,15.1,5.3,Maturity,81,30,Low
801,2,31.1,89.1,146,37.1,13.8,Vegetative,3,7,High
802,5,27.9,93.4,209.6,31.3,9.6,Tasseling,33,40,Medium
803,11,27.5,78.2,41.9,38.1,11.5,Whorl,20,37,High
804,1,20.9,65.4,242.6,31.1,1.1,Whorl,53,40,Low
805,6,19,56,223.6,18.5,3.9,Maturity,23,48,Low
806,2,30,49.2,112.9,29.2,16.9,Whorl,34,43,Medium
807,12,31.8,45.3,203,52,0.3,Silking,36,23,Low
808,8,26.2,90.6,57.1,24.8,10.1,Vegetative,71,39,High
809,12,34.6,68.9,186.2,39.8,15.1,Seedling,53,29,Low
810,2,20.3,47.2,6.1,30.7,13.8,Vegetative,56,56,Low
811,10,28.5,93.4,60.3,28.7,14.9,Seedling,28,8,Medium
812,12,20.8,52.5,43.9,20.9,1.6,Maturity,97,50,Low
813,2,19.6,82.6,265.1,16.9,2.2,Maturity,65,37,Low
814,1,27.4,90,15.1,28.6,0.2,Seedling,100,7,Medium
815,10,22.1,89.6,64.7,30.8,1.8,Maturity,35,60,Medium
816,10,25,48.8,175.2,47.8,4.8,Silking,8,6,Medium
817,10,33.3,69.1,250.5,58.4,3.4,Silking,0,46,Low
818,2,36.5,90.6,298,36.4,14,Vegetative,56,43,Low
819,2,21.6,59.5,132.9,24.6,4.6,Seedling,97,20,Low
820,2,27.3,68.6,173.5,31.3,5.8,Maturity,5,5,Medium
821,6,27.9,61.2,159.9,48.1,13.7,Tasseling,28,35,Medium
822,7,23.8,87,66.1,18.1,16.8,Tasseling,86,23,Medium
823,3,18.3,77.1,235.2,32.8,10.5,Maturity,10,7,Low
824,3,25.9,78.2,342.1,48.4,17.8,Vegetative,8,23,Medium
825,4,24.8,72.7,346.7,20.5,16.8,Maturity,63,17,Medium
826,12,33.3,72.7,264.7,51,18.9,Whorl,60,42,Medium
827,10,37,94.3,179,21.6,9.1,Seedling,32,31,Medium
828,8,22.6,91.8,10.4,48.2,16.6,Tasseling,86,1,Medium
829,3,25.7,77.4,53.5,43,1.9,Seedling,84,48,High
830,9,33.4,83.6,70.7,44.8,9.8,Whorl,69,21,High
831,9,28.9,92.4,11.1,34.4,18.3,Tasseling,57,20,Medium
832,7,26.9,42,61.9,44.7,15.6,Maturity,21,31,Medium
833,7,20.7,79.4,170.6,19.9,13.5,Maturity,70,43,Medium
834,9,29.4,66.2,299,37.8,7.8,Tasseling,75,24,Medium
835,10,31.5,82.2,99.6,17.8,11.8,Vegetative,46,22,High
836,12,29.7,82.1,218.8,32.1,8.6,Whorl,52,22,Medium
837,1,31.2,53.6,226.8,41.7,18.2,Seedling,39,7,Medium
838,6,21.4,69.6,13.1,44.6,8.4,Silking,53,17,Low
839,1,31.9,72.3,345,32,7.8,Silking,12,51,Low
840,8,20,77.1,117.6,37.6,15.3,Whorl,21,39,Medium
841,5,25.3,64,173.9,53.1,15.7,Silking,27,18,Medium
842,5,19,94.8,140.7,25.2,14.9,Seedling,91,54,Medium
843,10,19.9,58.5,23.5,51.1,9.5,Vegetative,44,50,Low
844,2,31,56.6,281.4,34.5,10.8,Vegetative,53,25,Low
845,5,30.5,64.9,267.2,23.1,0.4,Maturity,66,55,Low
846,3,29.5,51.7,336.7,48.4,9.3,Maturity,68,51,Low
847,10,35.1,89.9,327.1,47.7,1.2,Vegetative,46,29,Low
848,3,22.8,81.1,267.9,53,8.2,Seedling,81,13,Medium
849,7,23.3,55.8,56.2,45.9,4.7,Vegetative,14,9,Medium
850,4,18.6,83.8,108.7,36.8,19.8,Tasseling,82,57,Medium
851,1,22,55,10.2,50.5,5.6,Silking,22,41,Low
852,1,37.3,66.7,7,53.7,1.7,Silking,38,55,Low
853,2,36,62.4,127.2,44.6,1.8,Maturity,17,15,Low
854,2,29.4,67.5,42.2,44.9,11.6,Silking,32,31,Medium
855,2,22.8,46.7,282.3,29.8,11.7,Tasseling,95,47,Low
856,4,36.7,52,37.4,24.6,5.5,Tasseling,32,55,Low
857,10,19.1,69.3,244.9,20.1,10.9,Tasseling,87,15,Low
858,5,35.6,91.5,127,47.2,16.4,Seedling,82,57,Medium
859,10,18.7,80.7,279.6,17.5,18.3,Maturity,30,16,Low
860,9,25.7,75.1,245.2,55.6,13.7,Silking,30,54,Medium
861,8,25.8,90,137.5,59,5.1,Seedling,96,15,High
862,5,22.2,89,320.6,43.4,17.6,Maturity,52,50,Low
863,1,23.5,44.4,272.8,37.1,14.7,Whorl,91,27,Low
864,2,34.5,78.4,177.2,30.8,12,Silking,94,20,High
865,8,31.9,81.9,224.5,23.3,8.9,Maturity,17,0,Medium
866,7,22,56.8,201.5,20,5,Maturity,98,53,Low
867,11,33.3,86.6,240,50.7,6.4,Tasseling,94,8,Medium
868,5,21.5,72.6,114.7,27.7,1.7,Whorl,23,25,Medium
869,7,36.9,88.6,78.6,57.7,18.5,Maturity,78,40,Medium
870,4,36.1,93.6,69.4,46.6,3.4,Tasseling,79,27,Medium
871,10,23.2,44.9,128.8,57.6,2.3,Maturity,67,27,Medium
872,8,34.5,67.2,78.6,24.1,18.9,Whorl,36,47,Medium
873,8,25.6,63.7,72.3,24.7,16.5,Maturity,86,12,High
874,7,21.6,83.6,10.1,58.9,4.7,Tasseling,31,23,Low
875,10,31.7,65.2,3.6,21,6.5,Maturity,50,43,Low
876,4,32.3,79,257.6,26.5,1.9,Seedling,6,21,Low
877,4,27.4,59.5,212.2,45.2,16,Maturity,95,51,Medium
878,1,18.1,67.7,133.3,59,13.4,Vegetative,71,2,High
879,10,21.6,49.3,172.5,30.3,9.4,Seedling,40,45,Low
880,9,26.7,54.3,109.6,59,10,Whorl,95,23,High
881,7,23.7,88.2,214.5,49.3,5.3,Whorl,55,57,Medium
882,3,24.3,94.7,267.3,21.8,17.1,Maturity,81,51,Medium
883,8,19.1,48.2,80.5,16.6,5.2,Maturity,59,27,Low
884,2,37.9,91,14.3,31,14.2,Tasseling,58,31,Low
885,2,34.9,87.7,43.3,19.2,17.4,Vegetative,21,47,Medium
886,9,34.5,71,232.1,24.6,20,Seedling,67,49,Medium
887,10,21.6,90.6,86.2,37.4,1.9,Whorl,3,18,Medium
888,11,37.6,46.7,130.7,56.8,2.1,Whorl,19,1,Medium
889,2,27.2,78.9,167.9,43.3,5.4,Maturity,0,21,Medium
890,1,31.1,92.3,113.7,47.9,14.7,Silking,16,13,High
891,1,34,55.6,279.4,48.5,10.9,Silking,48,5,Low
892,7,23.1,53.2,269.8,33,0.4,Vegetative,20,24,Low
893,7,23.7,81.4,228.9,20.4,9.8,Tasseling,94,51,Medium
894,5,36.1,73.2,125.7,19.3,7.3,Vegetative,62,28,Medium
895,7,27.5,71,148.1,49,16.2,Silking,23,27,Medium
896,11,26.5,42.2,119.6,35.9,4.5,Maturity,91,9,High
897,8,28.5,75.6,29.4,36.1,1.6,Tasseling,38,9,Medium
898,3,31.7,56.5,87,34.2,11.4,Silking,9,58,Medium
899,1,28.3,68.1,144.6,35.9,14.4,Whorl,45,16,High
900,10,19.6,67.7,39.9,44.8,3.6,Vegetative,50,2,Medium
901,2,26.3,78.7,109.9,47.6,15.1,Tasseling,79,51,High
902,5,24.8,90.5,283.5,24.5,1.6,Silking,33,55,Low
903,11,20.1,69.4,2,20.3,3.4,Tasseling,58,44,Low
904,7,35.4,93.1,210.7,36.9,12.4,Silking,46,44,Low
905,11,37.3,77.1,281.6,18.9,2.7,Vegetative,14,52,Low
906,1,31.9,50.4,9.4,36.7,2.9,Vegetative,55,53,Low
907,11,35.2,69.6,30.1,49.6,3,Tasseling,2,7,Medium
908,3,36,80.6,155.8,36.8,0.4,Tasseling,74,15,Medium
909,4,23.9,85.6,137.1,30,2.1,Maturity,55,26,Medium
910,8,32.7,72.8,194,28.1,9.7,Tasseling,65,37,Medium
911,12,30.2,77.3,285.8,37,14.3,Silking,2,27,Low
912,10,24.3,43.5,312.5,33.8,9.5,Tasseling,79,60,Low
913,11,24.9,78.4,7.3,28,3.8,Whorl,56,14,Medium
914,9,22.4,90,118.7,42.1,16.8,Maturity,59,8,High
915,5,32.5,61.5,145.9,57.4,13.1,Whorl,60,51,Medium
916,3,30.4,55.5,262.2,45,2.6,Vegetative,20,38,Low
917,8,20,62.9,347.8,28.7,4.2,Seedling,2,22,Low
918,5,25.1,48.7,289.8,55.3,0.6,Seedling,43,27,Low
919,2,30.4,46.6,78.4,26.6,6.8,Whorl,98,2,High
920,9,23.3,48.3,241.5,38.2,13.4,Maturity,6,59,Low
921,8,34,92.9,264.5,58.9,15.6,Silking,100,54,Medium
922,2,34.5,42.3,36.9,43.3,17.4,Whorl,20,46,Medium
923,5,32.2,81.9,174.4,54.2,3.1,Whorl,42,52,High
924,3,20.5,51.1,339.4,49.6,0.1,Tasseling,43,18,Low
925,9,21.4,54.6,250.3,33.7,12.6,Vegetative,19,48,Low
926,9,26.4,52.6,280.6,33.6,8.2,Tasseling,66,50,Low
927,11,25.2,41.6,51,15.4,16.1,Seedling,10,21,Low
928,6,26,82.5,151.9,32.7,0.7,Maturity,19,57,Medium
929,10,19.2,74.7,249.7,44.7,10.4,Whorl,53,25,Medium
930,11,32,88,252.5,29.1,6.9,Whorl,67,39,Medium
931,3,32,64.5,71.8,39.5,15.8,Maturity,56,44,Medium
932,6,35.8,83,141.6,23.9,6,Seedling,68,21,Medium
933,7,32.5,80.7,44.1,59.6,5.7,Seedling,65,35,High
934,5,28.4,81.6,56,16.3,15.9,Silking,33,15,Medium
935,5,32.5,94.3,38.7,17.7,7.5,Maturity,64,22,Medium
936,2,19,75.8,43.7,28.4,14.7,Tasseling,43,15,Medium
937,12,37.8,71.1,313,43.2,10.7,Silking,29,22,Low
938,5,23.7,83.2,250.2,45.3,14.3,Silking,94,15,Medium
939,2,24.6,72,288,31.3,2,Maturity,54,53,Medium
940,7,19.6,43.4,311,36.4,8.9,Whorl,86,33,Low
941,7,29.8,68.5,138.2,26.9,10,Tasseling,56,44,Medium
942,8,32.6,62.9,57,37.8,9.7,Tasseling,16,45,Medium
943,9,35.3,46.5,74.4,36.3,14.9,Silking,47,58,Low
944,2,30,62.5,42.3,40.7,0.8,Vegetative,15,23,Medium
945,5,37.8,56.7,170.1,50.6,2.8,Silking,53,3,Medium
946,5,35.8,51.9,286.7,37,2.4,Whorl,8,55,Low
947,1,26.4,71.5,198,55.5,15.6,Tasseling,92,53,Medium
948,10,20.7,47.6,222.8,49.3,13.3,Vegetative,93,20,Low
949,2,34,76.5,143.4,25.5,7.9,Silking,5,42,Medium
950,8,32.7,75.5,303.1,46.8,11.4,Maturity,39,35,Low
951,11,20.5,70.8,67.3,42.8,11.5,Seedling,72,33,Medium
952,4,33,67.6,6.5,44.6,10.6,Seedling,35,50,Low
953,4,22.9,78.8,310.7,35,16.1,Silking,41,25,Low
954,10,18.9,87.4,8.1,34.7,8.3,Silking,40,24,Low
955,5,19.8,93.9,189.6,27.8,3.7,Seedling,19,19,Low
956,7,31.6,43.2,336.4,23.2,14.3,Whorl,49,6,Low
957,6,20.8,89.1,90.3,57.4,18,Seedling,25,15,Medium
958,10,29.7,67.1,263.3,32.3,2.3,Seedling,40,29,Low
959,9,26.1,66.6,142.6,25.5,17.7,Whorl,70,37,High
960,11,20,82,228,20.7,11.4,Tasseling,10,54,Low
961,11,28,83.1,49.8,39.3,3.4,Vegetative,68,60,High
962,7,37.2,70.5,14.6,51.6,19.2,Silking,37,41,Low
963,3,18,91.3,168.8,41.9,16.8,Tasseling,44,53,Medium
964,11,22.3,86.2,98.5,22.3,10.7,Seedling,38,5,Medium
965,7,32,85.7,253.8,59.9,17.6,Vegetative,78,32,Medium
966,6,35.7,92,222.3,59.1,14.2,Whorl,31,42,Medium
967,6,24.8,65.3,209.8,15.7,13.8,Maturity,0,38,Low
968,8,18.1,40.5,60.7,40,13.9,Tasseling,97,25,Medium
969,9,19.6,88.2,227.9,39.2,17.9,Maturity,56,43,Low
970,2,25.1,84.7,289.6,31.1,3.5,Maturity,1,7,Medium
971,8,25.4,50.6,3.3,48.4,15.2,Maturity,90,22,Low
972,4,19.8,73.7,106.1,47.3,4.7,Tasseling,46,2,Medium
973,5,27.9,78.7,212.1,15.3,19.7,Maturity,50,7,Medium
974,5,29.4,67.2,193.1,44.7,11.3,Maturity,77,36,Medium
975,3,19.3,47.1,22.8,26.7,11.4,Vegetative,66,46,Low
976,5,21.8,77.3,347.2,46.2,10.7,Whorl,87,35,Medium
977,8,18,63.5,235.6,44.3,17.1,Whorl,55,54,Low
978,7,23.5,77.4,163.3,31.3,15.2,Maturity,28,3,Medium
979,5,36.4,69.3,110.7,32.6,6.7,Silking,3,47,Low
980,4,37.6,63.3,26.1,26.2,3.3,Whorl,8,40,Low
981,11,19.9,66.4,282.8,41.7,12.5,Whorl,32,15,Low
982,2,27.5,92.7,291.4,52,10.4,Vegetative,9,49,Medium
983,10,30.4,82,218.9,41.1,1.7,Seedling,4,24,Medium
984,6,35.8,78.1,273.9,17.8,16,Seedling,38,39,Low
985,11,26.6,45.6,19.5,17.3,17,Tasseling,12,39,Low
986,7,22.7,73,230.9,15.5,7.7,Tasseling,79,39,Medium
987,2,24.8,91.6,274,35.4,6.6,Vegetative,13,6,Medium
988,1,29.9,43.7,276.3,23.7,11.5,Maturity,65,16,Low
989,6,26.4,79.9,155.6,25.9,15.9,Seedling,16,19,Medium
990,10,26.7,92.8,264,29,17.7,Vegetative,18,30,Low
991,5,30.1,56,339.6,38.3,13.2,Vegetative,7,15,Low
992,9,34.4,70.8,19.1,30.5,19.5,Maturity,25,50,Low
993,2,24.8,76.7,243.2,59.2,12,Whorl,74,36,High
994,6,30.3,63,56.8,35.4,15.8,Seedling,63,14,High
995,1,30.8,78.1,163.3,24.6,9.6,Whorl,94,24,High
996,4,26,85.4,2.4,15.4,7.2,Silking,14,9,Low
997,5,26.8,74.7,319.4,31.2,19.5,Vegetative,25,18,Medium
998,3,22.4,54.4,61,53.1,4.9,Vegetative,2,11,Medium
999,5,36.2,41.2,237.1,32.1,15.7,Seedling,43,59,Low
1000,4,24.1,53.2,283.3,44.7,18.8,Silking,55,56,Low
